collection,collection_synapse_id,file_synapse_id,web_file_name,version_number,web_modified_on,local_status,match_method,local_path,local_name,case_count,nii_gz_count,modalities,local_size_bytes,local_size_human,notes
BraTS-GLI,syn59059776,syn64735496,BraTS-PTG supplementary demographic information and metadata.xlsx,1,2025-02-05T19:42:07.886Z,matched,md5_exact,/Volumes/External M2/Datos/TFM-datasets/TMF-dataset-small-files/BraTS-PTG supplementary demographic information and metadata.xlsx,BraTS-PTG supplementary demographic information and metadata.xlsx,,,none,98329,96.02 KiB,
BraTS-GLI,syn59059776,syn64314352,BraTS2024-BraTS-GLI-AdditionalTrainingData.zip,1,2024-12-03T01:37:47.748Z,matched_extracted,folder_name_and_case_pattern,/Volumes/External M2/Datos/TFM-datasets/training_data_additional,training_data_additional,271,1355,seg:271;t1c:271;t1n:271;t2f:271;t2w:271,5383272085,5.01 GiB,all cases have 5 expected files
BraTS-GLI,syn59059776,syn60086071,BraTS2024-BraTS-GLI-TrainingData.zip,2,2024-06-17T21:24:56.161Z,matched_extracted,folder_name_and_case_pattern,/Volumes/External M2/Datos/TFM-datasets/training_data1_v2,training_data1_v2,1350,6750,seg:1350;t1c:1350;t1n:1350;t2f:1350;t2w:1350,37960292693,35.35 GiB,all cases have 5 expected files
BraTS-GLI,syn59059776,syn61455507,BraTS2024-BraTS-GLI-ValidationData.zip,1,2024-06-24T23:22:37.521Z,matched_extracted,folder_name_and_case_pattern,/Volumes/External M2/Datos/TFM-datasets/validation_data,validation_data,188,752,t1c:188;t1n:188;t2f:188;t2w:188,5416660586,5.04 GiB,all cases have 4 expected files
BraTS-GLI,syn59059776,syn59808905,CITATIONS.bib,1,2024-05-22T22:37:04.500Z,matched,md5_exact,/Volumes/External M2/Datos/TFM-datasets/TMF-dataset-small-files/CITATIONS.bib,CITATIONS.bib,,,none,6667,6.51 KiB,
BraTS-GoAT,syn68156890,syn60084285,CITATIONS.bib,1,2025-06-05T21:51:25.436Z,matched,md5_renamed,/Volumes/External M2/Datos/TFM-datasets/TMF-dataset-small-files/CITATIONS(1).bib,CITATIONS(1).bib,,,none,16686,16.30 KiB,local name changed by duplicate filename handling
BraTS-GoAT,syn68156890,syn68156891,README.md,1,2025-06-05T21:51:39.668Z,matched,md5_shared,/Volumes/External M2/Datos/TFM-datasets/TMF-dataset-small-files/README.md,README.md,,,none,175,175 B,shared identical README for GoAT MET PED Path and SSA
BraTS-MEN-RT,syn59059779,syn64826221,BraTS-MEN-RT-0402-1.zip,1,2025-02-18T18:12:39.015Z,matched,md5_exact,/Volumes/External M2/Datos/TFM-datasets/TMF-dataset-small-files/BraTS-MEN-RT-0402-1.zip,BraTS-MEN-RT-0402-1.zip,,,none,22282019,21.25 MiB,
BraTS-MEN-RT,syn59059779,syn60085033,BraTS2024-MEN-RT-TrainingData.zip,2,2024-05-31T04:23:59.401Z,matched_extracted,folder_name_and_case_pattern,/Volumes/External M2/Datos/TFM-datasets/BraTS-MEN-RT-Train-v2,BraTS-MEN-RT-Train-v2,500,1000,gtv:500;t1c:500,11389837763,10.61 GiB,all cases have 2 expected files
BraTS-MEN-RT,syn59059779,syn61484746,BraTS2024-MEN-RT-ValidationData.zip,1,2024-06-26T19:32:19.840Z,matched_extracted,folder_name_and_case_pattern,/Volumes/External M2/Datos/TFM-datasets/BraTS-MEN-RT-Val-v1,BraTS-MEN-RT-Val-v1,70,70,t1c:70,1642002226,1.53 GiB,all cases have 1 expected file
BraTS-MEN-RT,syn59059779,syn59808907,CITATION.bib,1,2025-06-24T16:35:59.119Z,matched,md5_renamed,/Volumes/External M2/Datos/TFM-datasets/TMF-dataset-small-files/CITATION(1).bib,CITATION(1).bib,,,none,1414,1.38 KiB,local name changed by duplicate filename handling
BraTS-MEN-RT,syn59059779,syn65415290,Meningioma radiotherapy supplementary clinical data and imaging parameters for training and validation sets.xlsx,2,2025-12-15T17:21:59.596Z,matched,md5_renamed,/Volumes/External M2/Datos/TFM-datasets/TMF-dataset-small-files/Meningioma radiotherapy supplementary clinical data and imaging parameters for training and validation sets v2.xlsx,Meningioma radiotherapy supplementary clinical data and imaging parameters for training and validation sets v2.xlsx,,,none,91390,89.25 KiB,local filename includes v2 but MD5 matches Synapse manifest
BraTS-MET,syn68156869,syn59808910,CITATION.bib,1,2025-06-05T21:35:26.312Z,matched,md5_renamed,/Volumes/External M2/Datos/TFM-datasets/TMF-dataset-small-files/CITATION(3).bib,CITATION(3).bib,,,none,1983,1.94 KiB,local name changed by duplicate filename handling
BraTS-MET,syn68156869,syn68156870,README.md,1,2025-06-05T21:34:50.305Z,matched,md5_shared,/Volumes/External M2/Datos/TFM-datasets/TMF-dataset-small-files/README.md,README.md,,,none,175,175 B,shared identical README for GoAT MET PED Path and SSA
BraTS-PED,syn68156871,syn59808912,CITATION.bib,1,2025-06-05T21:39:32.584Z,matched,md5_renamed,/Volumes/External M2/Datos/TFM-datasets/TMF-dataset-small-files/CITATION(2).bib,CITATION(2).bib,,,none,1715,1.67 KiB,local name changed by duplicate filename handling
BraTS-PED,syn68156871,syn68156872,README.md,1,2025-06-05T21:39:16.084Z,matched,md5_shared,/Volumes/External M2/Datos/TFM-datasets/TMF-dataset-small-files/README.md,README.md,,,none,175,175 B,shared identical README for GoAT MET PED Path and SSA
BraTS-Path,syn59761935,syn59808915,CITATION.bib,1,2024-05-22T22:45:33.247Z,matched,md5_shared,/Volumes/External M2/Datos/TFM-datasets/TMF-dataset-small-files/CITATION.bib,CITATION.bib,,,none,692,692 B,shared identical citation for Path and SSA
BraTS-Path,syn59761935,syn68156853,README.md,1,2025-06-05T21:18:09.803Z,matched,md5_shared,/Volumes/External M2/Datos/TFM-datasets/TMF-dataset-small-files/README.md,README.md,,,none,175,175 B,shared identical README for GoAT MET PED Path and SSA
BraTS-SSA,syn59059780,syn59808916,CITATION.bib,1,2025-06-05T21:18:42.738Z,matched,md5_shared,/Volumes/External M2/Datos/TFM-datasets/TMF-dataset-small-files/CITATION.bib,CITATION.bib,,,none,692,692 B,shared identical citation for Path and SSA
BraTS-SSA,syn59059780,syn68156788,README.md,1,2025-06-05T20:47:27.530Z,matched,md5_shared,/Volumes/External M2/Datos/TFM-datasets/TMF-dataset-small-files/README.md,README.md,,,none,175,175 B,shared identical README for GoAT MET PED Path and SSA
MLCube Resources,syn61956466,syn61987893,BraTS-GLI-2024-fastlane.tar.gz,2,2024-08-09T09:28:21.079Z,matched,md5_exact,/Volumes/External M2/Datos/TFM-datasets/TMF-dataset-small-files/BraTS-GLI-2024-fastlane.tar.gz,BraTS-GLI-2024-fastlane.tar.gz,,,none,83589441,79.72 MiB,
MLCube Resources,syn61956466,syn61956214,BraTS-MEN-RT-fastlane.tar.gz,1,2024-08-03T21:36:05.009Z,matched,md5_exact,/Volumes/External M2/Datos/TFM-datasets/TMF-dataset-small-files/BraTS-MEN-RT-fastlane.tar.gz,BraTS-MEN-RT-fastlane.tar.gz,,,none,37417008,35.68 MiB,
MLCube Resources,syn61956466,syn61956215,BraTS-Path-fastlane.tar.gz,1,2024-08-03T21:36:29.284Z,matched,md5_exact,/Volumes/External M2/Datos/TFM-datasets/TMF-dataset-small-files/BraTS-Path-fastlane.tar.gz,BraTS-Path-fastlane.tar.gz,,,none,1754802,1.67 MiB,
MLCube Resources,syn61956466,syn61956504,BraTS2024-compat-test-mlcubes.tar.gz,5,2024-08-12T19:17:21.067Z,matched,md5_exact,/Volumes/External M2/Datos/TFM-datasets/TMF-dataset-small-files/BraTS2024-compat-test-mlcubes.tar.gz,BraTS2024-compat-test-mlcubes.tar.gz,,,none,5641,5.51 KiB,
